model,AIC
categorical_phase,2675.3875709123563
quadratic_phase,2675.387570912891
linear_phase,2704.777256566904
