contrast,odds.ratio,SE,df,null,z.ratio,p.value
T1 / T2,2.557694877526363,0.29857571118461435,Inf,1,8.044685403242802,4.1522341120980855e-14
T1 / T3,2.185092874490372,0.25302562380641724,Inf,1,6.750288877141824,4.4286352363087644e-11
T2 / T3,0.8543211677397787,0.09597223083544901,Inf,1,-1.4015640510319003,0.3400592435517371
