phase,heatwave_max_c,event_window,observations,heatwave_affected_rate,duststorm_affected_rate,dyspnea_rate,fatigue_rate,allergy_rate,mean_severity_score
T1,43,June to July 2024,660,0.6545454545454547,0.5848484848484848,0.5318181818181819,0.4272727272727272,0.31212121212121213,1.8545454545454543
T2,37,July to August 2024,660,0.43181818181818193,0.49393939393939384,0.41666666666666663,0.3954545454545455,0.3212121212121213,1.6666666666666667
T3,35,August to September 2024,660,0.4696969696969697,0.42121212121212115,0.4363636363636366,0.4060606060606059,0.29545454545454547,1.6909090909090907
